{"textures":{"0":"modelengine:entity/blacklandsdrake"},"elements":[{"from":[5.265297,-0.9956932,-7.2304277],"to":[10.140297,3.5043068,4.7695723],"faces":{"east":{"uv":[0.0,2.0,2.0,2.75],"tintindex":0,"rotation":0,"texture":"#0"},"south":{"uv":[4.75,2.0,5.5625,2.75],"tintindex":0,"rotation":0,"texture":"#0"},"north":{"uv":[2.0,2.0,2.8125,2.75],"tintindex":0,"rotation":0,"texture":"#0"},"west":{"uv":[2.75,2.0,4.75,2.75],"tintindex":0,"rotation":0,"texture":"#0"},"up":{"uv":[2.75,2.0,3.5625,4.0],"tintindex":0,"rotation":0,"texture":"#0"},"down":{"uv":[3.5,0.0,4.3125,2.0],"tintindex":0,"rotation":0,"texture":"#0"}},"rotation":{"origin":[7.702797,-0.2456932,-5.7304277],"angle":-45.0,"axis":"x"}},{"from":[9.390297,-5.3456936,-4.9804277],"to":[9.990297,-1.7456932,-3.8554277],"faces":{"east":{"uv":[14.75,13.5,15.0,14.25],"tintindex":0,"rotation":0,"texture":"#0"},"south":{"uv":[14.75,13.5,15.0,14.25],"tintindex":0,"rotation":0,"texture":"#0"},"north":{"uv":[14.75,13.5,15.0,14.25],"tintindex":0,"rotation":0,"texture":"#0"},"west":{"uv":[14.75,13.5,15.0,14.25],"tintindex":0,"rotation":0,"texture":"#0"},"up":{"uv":[14.75,13.5,15.0,14.25],"tintindex":0,"rotation":0,"texture":"#0"},"down":{"uv":[14.75,13.5,15.0,14.25],"tintindex":0,"rotation":0,"texture":"#0"}},"rotation":{"origin":[7.327797,-0.2456932,-5.7304277],"angle":-45.0,"axis":"x"}},{"from":[5.415297,-5.3456936,-4.9804277],"to":[6.015297,-1.7456932,-3.8554277],"faces":{"east":{"uv":[14.75,13.5,15.0,14.25],"tintindex":0,"rotation":0,"texture":"#0"},"south":{"uv":[14.75,13.5,15.0,14.25],"tintindex":0,"rotation":0,"texture":"#0"},"north":{"uv":[14.75,13.5,15.0,14.25],"tintindex":0,"rotation":0,"texture":"#0"},"west":{"uv":[14.75,13.5,15.0,14.25],"tintindex":0,"rotation":0,"texture":"#0"},"up":{"uv":[14.75,13.5,15.0,14.25],"tintindex":0,"rotation":0,"texture":"#0"},"down":{"uv":[14.75,13.5,15.0,14.25],"tintindex":0,"rotation":0,"texture":"#0"}},"rotation":{"origin":[7.702797,-0.2456932,-5.7304277],"angle":-45.0,"axis":"x"}},{"from":[1.1821837,14.683228,3.6702642],"to":[3.4321837,18.433228,9.295263],"faces":{"east":{"uv":[15.5,14.0,14.75,14.5],"tintindex":0,"rotation":0,"texture":"#0"},"south":{"uv":[15.25,13.5,15.0,14.0],"tintindex":0,"rotation":0,"texture":"#0"},"north":{"uv":[15.75,14.0,15.5,14.5],"tintindex":0,"rotation":0,"texture":"#0"},"west":{"uv":[16.0,13.5,15.25,14.0],"tintindex":0,"rotation":0,"texture":"#0"},"up":{"uv":[14.75,14.0,15.0,13.25],"tintindex":0,"rotation":0,"texture":"#0"},"down":{"uv":[15.25,14.0,15.5,14.75],"tintindex":0,"rotation":0,"texture":"#0"}},"rotation":{"origin":[0.99468374,15.808228,7.4202633],"angle":-45.0,"axis":"x"}},{"from":[9.390297,-3.8456936,-2.7304277],"to":[9.990297,-1.7456932,-1.6054277],"faces":{"east":{"uv":[14.75,13.5,15.0,14.25],"tintindex":0,"rotation":0,"texture":"#0"},"south":{"uv":[14.75,13.5,15.0,14.25],"tintindex":0,"rotation":0,"texture":"#0"},"north":{"uv":[14.75,13.5,15.0,14.25],"tintindex":0,"rotation":0,"texture":"#0"},"west":{"uv":[14.75,13.5,15.0,14.25],"tintindex":0,"rotation":0,"texture":"#0"},"up":{"uv":[14.75,13.5,15.0,14.25],"tintindex":0,"rotation":0,"texture":"#0"},"down":{"uv":[14.75,13.5,15.0,14.25],"tintindex":0,"rotation":0,"texture":"#0"}},"rotation":{"origin":[7.327797,-0.2456932,-5.7304277],"angle":-45.0,"axis":"x"}},{"from":[9.765297,8.298679,1.819562],"to":[13.140297,12.798679,7.819563],"faces":{"east":{"uv":[15.0,13.0,16.0,13.75],"tintindex":0,"rotation":0,"texture":"#0"},"south":{"uv":[15.0,14.25,15.5,15.0],"tintindex":0,"rotation":0,"texture":"#0"},"north":{"uv":[14.5,14.25,15.0,15.0],"tintindex":0,"rotation":0,"texture":"#0"},"west":{"uv":[14.5,13.75,15.5,14.5],"tintindex":0,"rotation":0,"texture":"#0"},"up":{"uv":[15.0,14.0,14.5,13.0],"tintindex":0,"rotation":0,"texture":"#0"},"down":{"uv":[16.0,13.75,15.5,14.75],"tintindex":0,"rotation":0,"texture":"#0"}},"rotation":{"origin":[11.452797,10.548679,4.069562],"angle":-45.0,"axis":"x"}},{"from":[11.59841,14.683228,3.6702642],"to":[13.84841,18.433228,9.295263],"faces":{"east":{"uv":[15.25,13.5,16.0,14.0],"tintindex":0,"rotation":0,"texture":"#0"},"south":{"uv":[15.0,13.5,15.25,14.0],"tintindex":0,"rotation":0,"texture":"#0"},"north":{"uv":[15.5,14.0,15.75,14.5],"tintindex":0,"rotation":0,"texture":"#0"},"west":{"uv":[14.75,14.0,15.5,14.5],"tintindex":0,"rotation":0,"texture":"#0"},"up":{"uv":[15.0,14.0,14.75,13.25],"tintindex":0,"rotation":0,"texture":"#0"},"down":{"uv":[15.5,14.0,15.25,14.75],"tintindex":0,"rotation":0,"texture":"#0"}},"rotation":{"origin":[14.03591,15.808228,7.4202633],"angle":-45.0,"axis":"x"}},{"from":[5.415297,-3.8456936,-2.7304277],"to":[6.015297,-1.7456932,-1.6054277],"faces":{"east":{"uv":[14.75,13.5,15.0,14.25],"tintindex":0,"rotation":0,"texture":"#0"},"south":{"uv":[14.75,13.5,15.0,14.25],"tintindex":0,"rotation":0,"texture":"#0"},"north":{"uv":[14.75,13.5,15.0,14.25],"tintindex":0,"rotation":0,"texture":"#0"},"west":{"uv":[14.75,13.5,15.0,14.25],"tintindex":0,"rotation":0,"texture":"#0"},"up":{"uv":[14.75,13.5,15.0,14.25],"tintindex":0,"rotation":0,"texture":"#0"},"down":{"uv":[14.75,13.5,15.0,14.25],"tintindex":0,"rotation":0,"texture":"#0"}},"rotation":{"origin":[7.702797,-0.2456932,-5.7304277],"angle":-45.0,"axis":"x"}},{"from":[3.765297,5.844486,-2.0798998],"to":[11.640297,11.844486,6.9201],"faces":{"east":{"uv":[15.5,0.0,14.0,1.0],"tintindex":0,"rotation":0,"texture":"#0"},"south":{"uv":[4.25,1.5,5.5,2.5],"tintindex":0,"rotation":0,"texture":"#0"},"north":{"uv":[1.5,1.5,2.75,2.5],"tintindex":0,"rotation":0,"texture":"#0"},"west":{"uv":[14.0,0.0,15.5,1.0],"tintindex":0,"rotation":0,"texture":"#0"},"up":{"uv":[2.75,1.5,1.5,0.0],"tintindex":0,"rotation":0,"texture":"#0"},"down":{"uv":[4.0,0.0,2.75,1.5],"tintindex":0,"rotation":0,"texture":"#0"}},"rotation":{"origin":[7.702797,8.844486,2.4201002],"angle":-22.5,"axis":"x"}},{"from":[1.8902969,8.298679,1.819562],"to":[5.265297,12.798679,7.819563],"faces":{"east":{"uv":[15.5,13.75,14.5,14.5],"tintindex":0,"rotation":0,"texture":"#0"},"south":{"uv":[15.5,14.25,15.0,15.0],"tintindex":0,"rotation":0,"texture":"#0"},"north":{"uv":[15.0,14.25,14.5,15.0],"tintindex":0,"rotation":0,"texture":"#0"},"west":{"uv":[16.0,13.0,15.0,13.75],"tintindex":0,"rotation":0,"texture":"#0"},"up":{"uv":[14.5,14.0,15.0,13.0],"tintindex":0,"rotation":0,"texture":"#0"},"down":{"uv":[15.5,13.75,16.0,14.75],"tintindex":0,"rotation":0,"texture":"#0"}},"rotation":{"origin":[3.577797,10.548679,4.069562],"angle":-45.0,"axis":"x"}},{"from":[9.765297,8.298679,1.819562],"to":[13.140297,12.798679,7.819563],"faces":{"east":{"uv":[15.0,13.0,16.0,13.75],"tintindex":0,"rotation":0,"texture":"#0"},"south":{"uv":[15.0,14.25,15.5,15.0],"tintindex":0,"rotation":0,"texture":"#0"},"north":{"uv":[14.5,14.25,15.0,15.0],"tintindex":0,"rotation":0,"texture":"#0"},"west":{"uv":[14.5,13.75,15.5,14.5],"tintindex":0,"rotation":0,"texture":"#0"},"up":{"uv":[15.0,14.0,14.5,13.0],"tintindex":0,"rotation":0,"texture":"#0"},"down":{"uv":[16.0,13.75,15.5,14.75],"tintindex":0,"rotation":0,"texture":"#0"}},"rotation":{"origin":[11.452797,10.548679,4.069562],"angle":-45.0,"axis":"x"}}]}