{"textures":{"0":"modelengine:entity/blacklandsdrake"},"elements":[{"from":[6.1768646,1.7178841,-1.0964394],"to":[9.426865,4.717884,6.9035606],"faces":{"east":{"uv":[0.0,2.0,2.0,2.75],"tintindex":0,"rotation":0,"texture":"#0"},"south":{"uv":[4.75,2.0,5.5625,2.75],"tintindex":0,"rotation":0,"texture":"#0"},"north":{"uv":[2.0,2.0,2.8125,2.75],"tintindex":0,"rotation":0,"texture":"#0"},"west":{"uv":[2.75,2.0,4.75,2.75],"tintindex":0,"rotation":0,"texture":"#0"},"up":{"uv":[2.75,2.0,3.5625,4.0],"tintindex":0,"rotation":0,"texture":"#0"},"down":{"uv":[3.5,0.0,4.3125,2.0],"tintindex":0,"rotation":0,"texture":"#0"}},"rotation":{"origin":[7.8018646,2.217884,-0.09643936],"angle":-45.0,"axis":"x"}},{"from":[8.926865,-1.1821156,0.40356064],"to":[9.326864,1.2178841,1.1535606],"faces":{"east":{"uv":[14.75,13.5,15.0,14.25],"tintindex":0,"rotation":0,"texture":"#0"},"south":{"uv":[14.75,13.5,15.0,14.25],"tintindex":0,"rotation":0,"texture":"#0"},"north":{"uv":[14.75,13.5,15.0,14.25],"tintindex":0,"rotation":0,"texture":"#0"},"west":{"uv":[14.75,13.5,15.0,14.25],"tintindex":0,"rotation":0,"texture":"#0"},"up":{"uv":[14.75,13.5,15.0,14.25],"tintindex":0,"rotation":0,"texture":"#0"},"down":{"uv":[14.75,13.5,15.0,14.25],"tintindex":0,"rotation":0,"texture":"#0"}},"rotation":{"origin":[7.5518646,2.217884,-0.09643936],"angle":-45.0,"axis":"x"}},{"from":[6.2768645,-1.1821156,0.40356064],"to":[6.6768646,1.2178841,1.1535606],"faces":{"east":{"uv":[14.75,13.5,15.0,14.25],"tintindex":0,"rotation":0,"texture":"#0"},"south":{"uv":[14.75,13.5,15.0,14.25],"tintindex":0,"rotation":0,"texture":"#0"},"north":{"uv":[14.75,13.5,15.0,14.25],"tintindex":0,"rotation":0,"texture":"#0"},"west":{"uv":[14.75,13.5,15.0,14.25],"tintindex":0,"rotation":0,"texture":"#0"},"up":{"uv":[14.75,13.5,15.0,14.25],"tintindex":0,"rotation":0,"texture":"#0"},"down":{"uv":[14.75,13.5,15.0,14.25],"tintindex":0,"rotation":0,"texture":"#0"}},"rotation":{"origin":[7.8018646,2.217884,-0.09643936],"angle":-45.0,"axis":"x"}},{"from":[3.4547892,12.170498,6.1706877],"to":[4.954789,14.6705,9.920688],"faces":{"east":{"uv":[15.5,14.0,14.75,14.5],"tintindex":0,"rotation":0,"texture":"#0"},"south":{"uv":[15.25,13.5,15.0,14.0],"tintindex":0,"rotation":0,"texture":"#0"},"north":{"uv":[15.75,14.0,15.5,14.5],"tintindex":0,"rotation":0,"texture":"#0"},"west":{"uv":[16.0,13.5,15.25,14.0],"tintindex":0,"rotation":0,"texture":"#0"},"up":{"uv":[14.75,14.0,15.0,13.25],"tintindex":0,"rotation":0,"texture":"#0"},"down":{"uv":[15.25,14.0,15.5,14.75],"tintindex":0,"rotation":0,"texture":"#0"}},"rotation":{"origin":[3.3297892,12.920498,8.670688],"angle":-45.0,"axis":"x"}},{"from":[8.926865,-0.18211555,1.9035606],"to":[9.326864,1.2178841,2.6535606],"faces":{"east":{"uv":[14.75,13.5,15.0,14.25],"tintindex":0,"rotation":0,"texture":"#0"},"south":{"uv":[14.75,13.5,15.0,14.25],"tintindex":0,"rotation":0,"texture":"#0"},"north":{"uv":[14.75,13.5,15.0,14.25],"tintindex":0,"rotation":0,"texture":"#0"},"west":{"uv":[14.75,13.5,15.0,14.25],"tintindex":0,"rotation":0,"texture":"#0"},"up":{"uv":[14.75,13.5,15.0,14.25],"tintindex":0,"rotation":0,"texture":"#0"},"down":{"uv":[14.75,13.5,15.0,14.25],"tintindex":0,"rotation":0,"texture":"#0"}},"rotation":{"origin":[7.5518646,2.217884,-0.09643936],"angle":-45.0,"axis":"x"}},{"from":[9.176865,7.914135,4.936887],"to":[11.426865,10.914135,8.936887],"faces":{"east":{"uv":[15.0,13.0,16.0,13.75],"tintindex":0,"rotation":0,"texture":"#0"},"south":{"uv":[15.0,14.25,15.5,15.0],"tintindex":0,"rotation":0,"texture":"#0"},"north":{"uv":[14.5,14.25,15.0,15.0],"tintindex":0,"rotation":0,"texture":"#0"},"west":{"uv":[14.5,13.75,15.5,14.5],"tintindex":0,"rotation":0,"texture":"#0"},"up":{"uv":[15.0,14.0,14.5,13.0],"tintindex":0,"rotation":0,"texture":"#0"},"down":{"uv":[16.0,13.75,15.5,14.75],"tintindex":0,"rotation":0,"texture":"#0"}},"rotation":{"origin":[10.301865,9.414135,6.436887],"angle":-45.0,"axis":"x"}},{"from":[10.39894,12.170498,6.1706877],"to":[11.89894,14.6705,9.920688],"faces":{"east":{"uv":[15.25,13.5,16.0,14.0],"tintindex":0,"rotation":0,"texture":"#0"},"south":{"uv":[15.0,13.5,15.25,14.0],"tintindex":0,"rotation":0,"texture":"#0"},"north":{"uv":[15.5,14.0,15.75,14.5],"tintindex":0,"rotation":0,"texture":"#0"},"west":{"uv":[14.75,14.0,15.5,14.5],"tintindex":0,"rotation":0,"texture":"#0"},"up":{"uv":[15.0,14.0,14.75,13.25],"tintindex":0,"rotation":0,"texture":"#0"},"down":{"uv":[15.5,14.0,15.25,14.75],"tintindex":0,"rotation":0,"texture":"#0"}},"rotation":{"origin":[12.02394,12.920498,8.670688],"angle":-45.0,"axis":"x"}},{"from":[6.2768645,-0.18211555,1.9035606],"to":[6.6768646,1.2178841,2.6535606],"faces":{"east":{"uv":[14.75,13.5,15.0,14.25],"tintindex":0,"rotation":0,"texture":"#0"},"south":{"uv":[14.75,13.5,15.0,14.25],"tintindex":0,"rotation":0,"texture":"#0"},"north":{"uv":[14.75,13.5,15.0,14.25],"tintindex":0,"rotation":0,"texture":"#0"},"west":{"uv":[14.75,13.5,15.0,14.25],"tintindex":0,"rotation":0,"texture":"#0"},"up":{"uv":[14.75,13.5,15.0,14.25],"tintindex":0,"rotation":0,"texture":"#0"},"down":{"uv":[14.75,13.5,15.0,14.25],"tintindex":0,"rotation":0,"texture":"#0"}},"rotation":{"origin":[7.8018646,2.217884,-0.09643936],"angle":-45.0,"axis":"x"}},{"from":[5.1768646,6.2780056,2.337245],"to":[10.426865,10.278006,8.337245],"faces":{"east":{"uv":[15.5,0.0,14.0,1.0],"tintindex":0,"rotation":0,"texture":"#0"},"south":{"uv":[4.25,1.5,5.5,2.5],"tintindex":0,"rotation":0,"texture":"#0"},"north":{"uv":[1.5,1.5,2.75,2.5],"tintindex":0,"rotation":0,"texture":"#0"},"west":{"uv":[14.0,0.0,15.5,1.0],"tintindex":0,"rotation":0,"texture":"#0"},"up":{"uv":[2.75,1.5,1.5,0.0],"tintindex":0,"rotation":0,"texture":"#0"},"down":{"uv":[4.0,0.0,2.75,1.5],"tintindex":0,"rotation":0,"texture":"#0"}},"rotation":{"origin":[7.8018646,8.278006,5.337245],"angle":-22.5,"axis":"x"}},{"from":[3.9268646,7.914135,4.936887],"to":[6.1768646,10.914135,8.936887],"faces":{"east":{"uv":[15.5,13.75,14.5,14.5],"tintindex":0,"rotation":0,"texture":"#0"},"south":{"uv":[15.5,14.25,15.0,15.0],"tintindex":0,"rotation":0,"texture":"#0"},"north":{"uv":[15.0,14.25,14.5,15.0],"tintindex":0,"rotation":0,"texture":"#0"},"west":{"uv":[16.0,13.0,15.0,13.75],"tintindex":0,"rotation":0,"texture":"#0"},"up":{"uv":[14.5,14.0,15.0,13.0],"tintindex":0,"rotation":0,"texture":"#0"},"down":{"uv":[15.5,13.75,16.0,14.75],"tintindex":0,"rotation":0,"texture":"#0"}},"rotation":{"origin":[5.0518646,9.414135,6.436887],"angle":-45.0,"axis":"x"}},{"from":[9.176865,7.914135,4.936887],"to":[11.426865,10.914135,8.936887],"faces":{"east":{"uv":[15.0,13.0,16.0,13.75],"tintindex":0,"rotation":0,"texture":"#0"},"south":{"uv":[15.0,14.25,15.5,15.0],"tintindex":0,"rotation":0,"texture":"#0"},"north":{"uv":[14.5,14.25,15.0,15.0],"tintindex":0,"rotation":0,"texture":"#0"},"west":{"uv":[14.5,13.75,15.5,14.5],"tintindex":0,"rotation":0,"texture":"#0"},"up":{"uv":[15.0,14.0,14.5,13.0],"tintindex":0,"rotation":0,"texture":"#0"},"down":{"uv":[16.0,13.75,15.5,14.75],"tintindex":0,"rotation":0,"texture":"#0"}},"rotation":{"origin":[10.301865,9.414135,6.436887],"angle":-45.0,"axis":"x"}}]}